Draw Date,Winning Numbers,Multiplier
2025-08-13,04 11 40 44 50 04,3.0
2025-08-11,06 16 33 40 62 02,2.0
2025-08-09,07 14 23 24 60 14,2.0
2025-08-06,15 27 43 45 53 09,2.0
2025-08-04,08 09 19 31 38 21,2.0
2025-08-02,06 18 34 35 36 02,2.0
2025-07-30,04 15 35 50 64 08,4.0
2025-07-28,07 35 36 43 62 03,3.0
2025-07-26,08 31 57 65 67 23,3.0
2025-07-23,02 18 19 25 35 25,3.0
2025-07-21,08 11 28 33 42 02,2.0
2025-07-19,28 48 51 61 69 20,3.0
2025-07-16,04 21 43 48 49 22,2.0
2025-07-14,08 12 45 46 63 24,2.0
2025-07-12,08 16 24 33 54 18,2.0
2025-07-09,05 09 25 28 69 05,2.0
2025-07-07,33 35 58 61 69 25,5.0
2025-07-05,01 28 34 50 58 08,2.0
2025-07-02,07 19 21 54 63 21,2.0
2025-06-30,13 28 44 52 55 06,4.0
2025-06-28,04 35 43 52 62 12,2.0
2025-06-25,02 12 37 51 61 22,3.0
2025-06-23,05 25 42 44 65 20,3.0
2025-06-21,03 16 32 52 62 24,3.0
2025-06-18,23 29 50 64 67 11,2.0
2025-06-16,17 21 23 27 52 19,5.0
2025-06-14,04 06 09 23 59 25,3.0
2025-06-11,13 25 29 37 53 03,2.0
2025-06-09,30 33 40 43 52 25,4.0
2025-06-07,31 36 43 48 62 25,2.0
2025-06-04,05 17 23 35 45 24,10.0
2025-06-02,01 07 44 57 61 21,3.0
2025-05-31,01 29 37 56 68 13,2.0
2025-05-28,23 27 32 35 59 11,2.0
2025-05-26,13 47 52 64 67 25,2.0
2025-05-24,12 18 28 48 52 05,3.0
2025-05-21,09 29 31 34 43 02,2.0
2025-05-19,13 14 37 50 60 11,2.0
2025-05-17,07 34 40 42 52 15,2.0
2025-05-14,04 10 24 29 53 04,3.0
2025-05-12,15 16 41 48 60 21,3.0
2025-05-10,05 20 28 39 42 13,2.0
2025-05-07,14 15 30 40 59 20,3.0
2025-05-05,16 34 40 45 66 19,2.0
2025-05-03,10 21 23 35 65 24,2.0
2025-04-30,01 02 03 57 59 09,2.0
2025-04-28,26 43 51 56 60 24,4.0
2025-04-26,01 12 14 18 69 02,3.0
2025-04-23,15 44 63 66 69 20,2.0
2025-04-21,04 33 45 46 51 25,3.0
2025-04-19,07 25 37 39 63 01,3.0
2025-04-16,20 24 42 43 49 19,3.0
2025-04-14,03 20 30 52 62 01,3.0
2025-04-12,16 22 44 45 53 19,2.0
2025-04-09,04 29 37 55 67 10,4.0
2025-04-07,20 23 48 59 66 04,2.0
2025-04-05,04 23 30 46 62 02,4.0
2025-04-02,05 17 41 64 69 01,2.0
2025-03-31,12 41 44 52 64 25,2.0
2025-03-29,07 11 21 53 61 02,3.0
2025-03-26,05 20 29 39 53 06,3.0
2025-03-24,06 23 35 36 47 12,2.0
2025-03-22,06 07 25 46 57 12,3.0
2025-03-19,08 11 21 49 59 15,2.0
2025-03-17,11 18 23 38 60 09,2.0
2025-03-15,12 28 33 36 54 05,3.0
2025-03-12,11 13 28 51 58 01,2.0
2025-03-10,17 40 47 50 55 06,2.0
2025-03-08,02 04 16 23 63 13,3.0
2025-03-05,24 28 40 63 65 20,3.0
2025-03-03,18 20 50 52 56 20,2.0
2025-03-01,02 23 36 44 49 25,3.0
2025-02-26,28 48 55 60 62 20,2.0
2025-02-24,10 11 34 59 68 14,3.0
2025-02-22,07 18 22 50 65 15,2.0
2025-02-19,06 21 28 49 60 20,2.0
2025-02-17,04 44 47 52 57 09,4.0
2025-02-15,03 16 45 54 56 12,2.0
2025-02-12,21 32 36 45 49 18,2.0
2025-02-10,02 17 18 29 43 03,3.0
2025-02-08,23 44 57 60 62 09,2.0
2025-02-05,19 27 30 50 62 14,3.0
2025-02-03,12 37 47 54 60 17,3.0
2025-02-01,23 29 32 49 61 08,2.0
2025-01-29,08 12 31 33 38 18,3.0
2025-01-27,02 40 47 53 55 20,2.0
2025-01-25,08 15 17 53 66 14,3.0
2025-01-22,05 06 27 40 49 05,2.0
2025-01-20,15 16 32 47 54 06,3.0
2025-01-18,14 31 35 64 69 23,2.0
2025-01-15,08 41 52 53 58 07,3.0
2025-01-13,04 06 16 39 66 09,2.0
2025-01-11,03 06 32 37 65 04,3.0
2025-01-08,01 20 36 38 43 24,2.0
2025-01-06,17 34 46 66 67 14,2.0
2025-01-04,26 32 43 54 56 24,2.0
2025-01-01,06 12 28 35 66 26,3.0
2024-12-30,09 19 33 38 39 01,3.0
2024-12-28,06 31 51 54 55 12,2.0
2024-12-25,15 26 27 30 35 03,3.0
2024-12-23,22 42 44 57 64 18,2.0
2024-12-21,01 12 17 21 58 01,3.0
2024-12-18,06 15 18 33 49 07,2.0
2024-12-16,09 30 33 57 61 17,2.0
2024-12-14,12 17 23 52 67 01,2.0
2024-12-11,13 44 50 52 54 20,2.0
2024-12-09,35 37 40 45 51 24,2.0
2024-12-07,01 31 43 55 57 22,2.0
2024-12-04,01 23 25 28 61 13,2.0
2024-12-02,03 09 26 61 67 13,2.0
2024-11-30,04 24 29 39 63 25,4.0
2024-11-27,01 06 07 13 40 05,5.0
2024-11-25,05 35 45 60 63 12,2.0
2024-11-23,12 13 34 44 67 08,3.0
2024-11-20,16 30 60 62 64 25,3.0
2024-11-18,27 31 41 52 69 26,3.0
2024-11-16,21 22 25 32 38 16,5.0
2024-11-13,09 20 26 43 58 09,2.0
2024-11-11,03 21 24 34 46 09,3.0
2024-11-09,11 24 50 56 66 16,2.0
2024-11-06,12 17 37 58 62 04,2.0
2024-11-04,06 18 33 48 53 21,10.0
2024-11-02,10 45 48 58 61 02,3.0
2024-10-30,13 22 29 43 58 22,3.0
2024-10-28,21 27 32 48 67 17,2.0
2024-10-26,08 12 40 45 51 15,2.0
2024-10-23,02 15 27 29 39 20,2.0
2024-10-21,01 25 57 62 64 15,2.0
2024-10-19,07 16 19 45 64 25,3.0
2024-10-16,04 30 39 44 60 11,2.0
2024-10-14,14 18 33 64 67 14,2.0
2024-10-12,05 14 20 41 57 06,3.0
2024-10-09,25 32 43 53 66 10,3.0
2024-10-07,18 30 31 52 63 22,2.0
2024-10-05,02 12 46 52 65 03,2.0
2024-10-02,01 02 21 37 43 21,3.0
2024-09-30,09 11 30 43 69 20,2.0
2024-09-28,03 11 13 24 39 22,3.0
2024-09-25,02 26 45 46 52 21,2.0
2024-09-23,15 21 25 37 45 19,3.0
2024-09-21,17 19 21 37 45 14,2.0
2024-09-18,01 11 22 47 68 07,4.0
2024-09-16,08 09 11 27 31 17,5.0
2024-09-14,29 34 38 48 56 16,2.0
2024-09-11,10 12 55 65 67 03,3.0
2024-09-09,01 16 21 47 60 05,3.0
2024-09-07,14 34 37 55 63 20,2.0
2024-09-04,07 10 21 33 59 20,3.0
2024-09-02,08 42 46 48 53 22,3.0
2024-08-31,04 34 35 38 69 19,2.0
2024-08-28,05 33 47 50 64 20,2.0
2024-08-26,02 04 23 68 69 15,3.0
2024-08-24,05 15 21 24 43 17,3.0
2024-08-21,27 31 33 38 67 03,2.0
2024-08-19,01 02 15 23 28 10,2.0
2024-08-17,12 31 43 45 46 22,5.0
2024-08-14,08 09 23 29 62 13,2.0
2024-08-12,09 22 57 67 68 14,3.0
2024-08-10,09 24 33 64 69 09,2.0
2024-08-07,06 19 35 47 57 09,3.0
2024-08-05,29 42 44 51 54 12,2.0
2024-08-03,13 33 40 60 61 20,3.0
2024-07-31,23 34 37 50 58 07,2.0
2024-07-29,11 27 30 33 44 16,3.0
2024-07-27,03 31 37 40 64 17,3.0
2024-07-24,16 42 59 63 68 13,2.0
2024-07-22,31 36 56 58 69 20,2.0
2024-07-20,18 25 31 40 57 04,3.0
2024-07-17,24 27 32 47 66 26,2.0
2024-07-15,09 31 39 40 45 23,3.0
2024-07-13,09 55 59 66 69 21,2.0
2024-07-10,07 11 12 27 46 26,3.0
2024-07-08,20 22 31 33 45 01,3.0
2024-07-06,05 32 35 39 49 21,2.0
2024-07-03,02 26 33 55 57 22,2.0
2024-07-01,05 09 32 39 55 09,2.0
2024-06-29,26 51 54 61 69 25,3.0
2024-06-26,04 09 36 47 56 07,5.0
2024-06-24,05 06 36 53 69 08,2.0
2024-06-22,04 05 15 32 62 21,2.0
2024-06-19,04 27 44 50 64 07,3.0
2024-06-17,30 48 53 58 66 09,2.0
2024-06-15,04 36 48 54 56 02,3.0
2024-06-12,19 30 31 61 62 21,2.0
2024-06-10,03 10 33 58 59 09,2.0
2024-06-08,08 38 52 54 64 15,3.0
2024-06-05,08 44 45 51 69 12,3.0
2024-06-03,19 29 35 36 45 16,2.0
2024-06-01,28 38 52 54 68 08,2.0
2024-05-29,17 34 56 60 61 09,2.0
2024-05-27,09 30 39 49 59 21,5.0
2024-05-25,06 33 35 36 64 24,3.0
2024-05-22,05 16 18 26 67 04,3.0
2024-05-20,01 07 48 64 68 05,2.0
2024-05-18,19 36 37 42 59 19,2.0
2024-05-15,19 42 45 55 69 06,2.0
2024-05-13,05 14 29 38 66 01,2.0
2024-05-11,03 06 39 49 67 21,2.0
2024-05-08,07 41 43 44 51 05,2.0
2024-05-06,07 23 24 56 60 25,2.0
2024-05-04,14 20 23 53 69 04,2.0
2024-05-01,01 11 19 21 68 15,2.0
2024-04-29,11 38 47 67 69 14,2.0
2024-04-27,09 30 53 55 62 23,3.0
2024-04-24,02 20 22 26 47 21,4.0
2024-04-22,12 16 33 39 52 01,2.0
2024-04-20,04 35 41 44 58 25,3.0
2024-04-17,24 29 44 47 54 02,2.0
2024-04-15,07 16 41 56 61 23,3.0
2024-04-13,07 33 40 43 69 10,5.0
2024-04-10,06 07 12 24 36 15,2.0
2024-04-08,06 21 23 39 54 23,2.0
2024-04-06,22 27 44 52 69 09,3.0
2024-04-03,11 38 41 62 65 15,3.0
2024-04-01,19 24 40 42 56 23,2.0
2024-03-30,12 13 33 50 52 23,3.0
2024-03-27,37 46 57 60 66 08,2.0
2024-03-25,07 11 19 53 68 23,2.0
2024-03-23,06 23 25 34 51 03,2.0
2024-03-20,13 22 27 54 66 09,2.0
2024-03-18,10 17 20 39 44 16,3.0
2024-03-16,12 23 44 57 61 05,2.0
2024-03-13,21 29 54 59 62 04,2.0
2024-03-11,01 03 07 16 66 05,5.0
2024-03-09,30 36 49 52 63 16,5.0
2024-03-06,06 19 28 44 60 10,2.0
2024-03-04,36 42 50 52 67 26,2.0
2024-03-02,03 18 27 36 53 12,2.0
2024-02-28,16 26 29 38 50 06,2.0
2024-02-26,24 29 42 51 54 16,3.0
2024-02-24,03 08 40 53 58 03,3.0
2024-02-21,04 27 33 41 42 14,2.0
2024-02-19,04 23 45 50 53 17,3.0
2024-02-17,06 28 59 62 69 21,3.0
2024-02-14,01 04 45 47 67 18,2.0
2024-02-12,17 36 43 53 67 14,2.0
2024-02-10,27 28 34 37 44 08,2.0
2024-02-07,12 21 62 67 69 17,3.0
2024-02-05,01 02 27 30 67 09,5.0
2024-02-03,09 11 27 59 66 19,3.0
2024-01-31,15 18 19 41 43 14,2.0
2024-01-29,39 41 43 49 64 04,2.0
2024-01-27,07 38 65 66 68 21,2.0
2024-01-24,01 05 32 50 64 08,4.0
2024-01-22,24 25 43 52 63 21,2.0
2024-01-20,16 31 34 47 65 10,3.0
2024-01-17,18 22 43 61 65 02,4.0
2024-01-15,13 30 35 49 59 04,3.0
2024-01-13,13 31 33 51 58 15,2.0
2024-01-10,25 40 43 48 50 11,2.0
2024-01-08,07 17 28 40 45 02,3.0
2024-01-06,04 31 34 38 61 13,2.0
2024-01-03,30 31 38 48 68 08,10.0
2024-01-01,12 21 42 44 49 01,3.0
2023-12-30,10 11 26 27 34 07,4.0
2023-12-27,04 11 38 51 68 05,3.0
2023-12-25,05 12 20 24 29 04,2.0
2023-12-23,09 14 17 18 53 06,3.0
2023-12-20,27 35 41 56 60 16,2.0
2023-12-18,05 08 19 34 39 26,3.0
2023-12-16,03 09 10 20 62 25,3.0
2023-12-13,03 08 41 56 64 18,2.0
2023-12-11,01 24 27 31 62 20,3.0
2023-12-09,05 25 26 40 60 01,2.0
2023-12-06,02 12 37 56 65 21,3.0
2023-12-04,18 19 27 28 45 09,3.0
2023-12-02,28 35 41 47 60 03,2.0
2023-11-29,06 47 50 61 68 04,2.0
2023-11-27,02 21 38 61 66 12,2.0
2023-11-25,27 33 63 66 68 09,2.0
2023-11-22,20 24 33 39 42 21,2.0
2023-11-20,19 26 30 39 63 13,2.0
2023-11-18,34 50 51 61 67 20,2.0
2023-11-15,03 04 51 53 60 06,3.0
2023-11-13,24 33 35 37 42 21,2.0
2023-11-11,01 12 14 24 57 07,4.0
2023-11-08,14 21 33 39 62 20,2.0
2023-11-06,12 25 40 59 61 26,2.0
2023-11-04,01 28 30 34 52 06,2.0
2023-11-01,22 26 39 47 63 12,3.0
2023-10-30,19 22 34 66 69 05,3.0
2023-10-28,14 24 50 59 64 02,2.0
2023-10-25,25 27 41 53 68 02,2.0
2023-10-23,18 21 25 46 64 21,5.0
2023-10-21,06 15 24 67 68 11,2.0
2023-10-18,01 04 13 35 58 24,2.0
2023-10-16,02 27 31 44 64 18,3.0
2023-10-14,14 16 42 48 64 14,2.0
2023-10-11,22 24 40 52 64 10,2.0
2023-10-09,16 34 46 55 67 14,3.0
2023-10-07,47 54 57 60 65 19,3.0
2023-10-04,09 35 54 63 64 01,2.0
2023-10-02,12 26 27 43 47 05,2.0
2023-09-30,19 30 37 44 46 22,2.0
2023-09-27,01 07 46 47 63 07,3.0
2023-09-25,10 12 22 36 50 04,2.0
2023-09-23,01 12 20 33 66 21,2.0
2023-09-20,16 27 59 62 63 23,3.0
2023-09-18,02 21 26 40 42 09,3.0
2023-09-16,08 11 19 24 46 05,2.0
2023-09-13,22 30 37 44 45 18,3.0
2023-09-11,09 25 27 53 66 05,2.0
2023-09-09,11 19 29 63 68 25,2.0
2023-09-06,09 14 20 23 63 01,3.0
2023-09-04,01 26 32 46 51 13,3.0
2023-09-02,25 38 42 66 67 19,4.0
2023-08-30,04 13 35 61 69 04,2.0
2023-08-28,04 06 25 55 68 26,2.0
2023-08-26,20 22 26 28 63 05,3.0
2023-08-23,25 30 32 33 55 20,2.0
2023-08-21,03 04 12 22 28 16,2.0
2023-08-19,01 25 27 38 62 13,2.0
2023-08-16,09 11 17 19 55 01,2.0
2023-08-14,32 34 37 39 47 03,2.0
2023-08-12,19 21 37 50 65 26,2.0
2023-08-09,10 15 21 67 69 03,2.0
2023-08-07,06 13 20 35 54 22,2.0
2023-08-05,18 42 44 62 65 23,2.0
2023-08-02,23 24 33 51 64 05,2.0
2023-07-31,02 11 48 58 65 13,2.0
2023-07-29,10 25 27 34 38 02,3.0
2023-07-26,03 16 40 48 60 14,2.0
2023-07-24,03 04 12 28 49 25,2.0
2023-07-22,25 27 36 37 63 07,2.0
2023-07-19,07 10 11 13 24 24,2.0
2023-07-17,05 08 09 17 41 21,4.0
2023-07-15,02 09 43 55 57 18,2.0
2023-07-12,23 35 45 66 67 20,3.0
2023-07-10,02 24 34 53 58 13,2.0
2023-07-08,07 23 24 32 43 18,2.0
2023-07-05,17 24 48 62 68 23,2.0
2023-07-03,15 26 31 38 61 03,3.0
2023-07-01,04 17 35 49 61 08,2.0
2023-06-28,19 25 34 57 68 04,5.0
2023-06-26,06 28 39 43 54 12,4.0
2023-06-24,02 38 44 50 62 19,3.0
2023-06-21,05 11 33 35 63 14,2.0
2023-06-19,36 39 52 57 69 01,3.0
2023-06-17,02 12 45 61 64 26,2.0
2023-06-14,03 20 36 42 64 04,2.0
2023-06-12,02 03 16 23 68 07,2.0
2023-06-10,21 32 42 46 50 04,3.0
2023-06-07,16 21 29 53 66 02,5.0
2023-06-05,02 31 45 46 49 20,2.0
2023-06-03,15 45 64 67 68 18,2.0
2023-05-31,02 04 54 61 62 14,3.0
2023-05-29,21 33 35 62 64 24,2.0
2023-05-27,24 38 39 48 56 04,2.0
2023-05-24,12 21 44 50 58 26,3.0
2023-05-22,09 38 48 52 68 25,4.0
2023-05-20,17 23 32 38 63 23,2.0
2023-05-17,18 34 37 45 51 14,2.0
2023-05-15,01 26 28 55 58 25,2.0
2023-05-13,03 15 20 23 46 11,2.0
2023-05-10,21 24 33 55 69 03,10.0
2023-05-08,15 20 33 36 43 12,2.0
2023-05-06,31 39 47 51 53 06,2.0
2023-05-03,21 26 30 45 47 23,3.0
2023-05-01,03 38 55 61 66 01,3.0
2023-04-29,16 53 54 57 65 08,2.0
2023-04-26,02 15 30 35 49 06,2.0
2023-04-24,19 21 55 66 68 03,2.0
2023-04-22,17 36 47 63 68 25,2.0
2023-04-19,04 11 21 38 64 11,3.0
2023-04-17,23 25 35 63 64 25,3.0
2023-04-15,01 33 34 56 59 18,3.0
2023-04-12,09 36 41 44 59 04,2.0
2023-04-10,09 10 36 46 52 14,2.0
2023-04-08,11 22 24 51 60 18,3.0
2023-04-05,03 05 09 42 52 11,2.0
2023-04-03,16 30 31 54 68 01,2.0
2023-04-01,11 19 21 29 52 17,4.0
2023-03-29,04 09 24 46 66 07,3.0
2023-03-27,19 26 36 43 58 14,3.0
2023-03-25,15 17 18 47 57 19,2.0
2023-03-22,27 28 37 50 57 05,2.0
2023-03-20,01 27 32 47 67 14,2.0
2023-03-18,14 20 30 54 69 11,2.0
2023-03-15,16 18 33 37 50 08,2.0
2023-03-13,03 10 24 46 63 04,2.0
2023-03-11,11 20 33 43 58 24,2.0
2023-03-08,26 27 43 61 69 04,3.0
2023-03-06,02 13 29 58 69 04,3.0
2023-03-04,10 16 18 40 66 16,3.0
2023-03-01,02 09 28 36 53 04,2.0
2023-02-27,16 28 49 51 55 23,2.0
2023-02-25,11 24 58 66 67 26,3.0
2023-02-22,11 19 39 44 65 07,2.0
2023-02-20,03 17 26 38 54 15,3.0
2023-02-18,08 21 31 32 37 23,4.0
2023-02-15,31 32 54 60 63 12,4.0
2023-02-13,17 26 37 61 65 02,2.0
2023-02-11,10 23 30 54 65 11,4.0
2023-02-08,52 58 59 64 66 09,2.0
2023-02-06,05 11 22 23 69 07,2.0
2023-02-04,02 08 15 19 58 10,2.0
2023-02-01,31 43 58 59 66 09,2.0
2023-01-30,01 04 12 36 49 05,2.0
2023-01-28,02 18 23 27 47 15,4.0
2023-01-25,09 17 20 38 40 18,2.0
2023-01-23,12 31 47 58 60 23,3.0
2023-01-21,05 14 19 46 64 22,4.0
2023-01-18,06 15 22 42 47 26,3.0
2023-01-16,04 14 33 39 61 03,3.0
2023-01-14,24 26 39 47 57 23,2.0
2023-01-11,04 08 46 47 48 05,3.0
2023-01-09,18 43 48 60 69 14,3.0
2023-01-07,35 36 44 45 67 14,3.0
2023-01-04,12 32 56 67 68 26,3.0
2023-01-02,07 09 12 31 62 22,2.0
2022-12-31,18 37 44 50 64 11,3.0
2022-12-28,26 32 38 45 56 01,2.0
2022-12-26,17 41 47 60 61 17,3.0
2022-12-24,17 37 46 54 67 08,3.0
2022-12-21,12 15 24 34 59 14,2.0
2022-12-19,07 37 55 65 67 12,5.0
2022-12-17,33 56 64 66 68 12,2.0
2022-12-14,36 51 59 66 68 25,10.0
2022-12-12,16 31 50 55 61 09,4.0
2022-12-10,09 23 47 49 68 19,2.0
2022-12-07,06 28 44 59 61 21,2.0
2022-12-05,35 45 47 54 55 14,2.0
2022-12-03,06 13 33 36 37 07,4.0
2022-11-30,04 19 24 47 66 10,2.0
2022-11-28,29 30 32 48 50 20,2.0
2022-11-26,15 30 47 50 51 03,10.0
2022-11-23,01 02 31 39 66 25,2.0
2022-11-21,01 06 40 51 67 02,2.0
2022-11-19,07 28 62 63 64 10,3.0
2022-11-16,28 34 51 53 56 11,2.0
2022-11-14,19 35 53 54 67 21,2.0
2022-11-12,16 20 44 57 58 06,4.0
2022-11-09,07 14 24 30 56 07,2.0
2022-11-05,28 45 53 56 69 20,3.0
2022-11-02,02 11 22 35 60 23,2.0
2022-10-31,13 19 36 39 59 13,3.0
2022-10-29,19 31 40 46 57 23,3.0
2022-10-26,19 36 37 46 56 24,2.0
2022-10-24,18 23 35 45 54 16,4.0
2022-10-22,19 25 48 55 60 18,2.0
2022-10-19,06 08 15 27 42 10,3.0
2022-10-17,19 30 36 46 60 25,3.0
2022-10-15,32 37 40 58 62 15,5.0
2022-10-12,14 30 41 42 59 06,5.0
2022-10-10,03 06 11 17 22 11,2.0
2022-10-08,13 43 53 60 68 05,2.0
2022-10-05,26 30 33 37 62 06,2.0
2022-10-03,02 16 22 55 63 22,4.0
2022-10-01,08 21 22 65 69 26,2.0
2022-09-28,06 10 24 33 67 11,3.0
2022-09-26,13 20 31 33 59 20,3.0
2022-09-24,03 09 21 24 29 14,2.0
2022-09-21,06 33 34 45 54 07,2.0
2022-09-19,07 15 36 46 67 07,2.0
2022-09-17,05 25 36 51 61 01,3.0
2022-09-14,09 10 20 22 52 25,3.0
2022-09-12,06 14 16 34 66 25,3.0
2022-09-10,38 42 56 68 69 04,2.0
2022-09-07,03 16 30 33 36 20,3.0
2022-09-05,04 07 32 55 64 25,2.0
2022-09-03,18 27 49 65 69 09,2.0
2022-08-31,07 08 19 24 28 01,2.0
2022-08-29,13 36 43 61 69 18,3.0
2022-08-27,02 18 56 60 65 14,3.0
2022-08-24,06 24 35 37 44 22,4.0
2022-08-22,12 27 34 55 67 09,2.0
2022-08-20,05 09 11 16 66 07,2.0
2022-08-17,23 28 41 50 55 24,2.0
2022-08-15,20 24 47 50 63 05,2.0
2022-08-13,19 24 35 43 62 02,10.0
2022-08-10,29 44 59 61 68 19,2.0
2022-08-08,32 45 51 57 58 12,2.0
2022-08-06,08 15 46 56 68 03,2.0
2022-08-03,09 21 56 57 66 11,2.0
2022-08-01,15 21 31 36 65 16,3.0
2022-07-30,04 17 57 58 68 12,3.0
2022-07-27,01 25 44 55 57 26,2.0
2022-07-25,25 37 38 39 65 05,2.0
2022-07-23,39 41 54 59 62 12,3.0
2022-07-20,10 20 23 49 65 22,3.0
2022-07-18,14 34 36 50 58 05,3.0
2022-07-16,03 18 23 32 57 21,2.0
2022-07-13,22 23 36 47 63 02,2.0
2022-07-11,04 26 34 37 52 09,2.0
2022-07-09,14 22 42 46 52 24,3.0
2022-07-06,32 36 49 62 69 13,2.0
2022-07-04,15 16 24 31 56 04,2.0
2022-07-02,09 10 37 59 62 26,3.0
2022-06-29,08 40 49 58 63 14,3.0
2022-06-27,11 13 18 30 37 16,3.0
2022-06-25,06 12 20 27 32 04,3.0
2022-06-22,06 10 31 48 56 12,3.0
2022-06-20,03 44 61 63 69 13,2.0
2022-06-18,10 19 40 45 58 25,2.0
2022-06-15,19 28 41 42 51 07,2.0
2022-06-13,02 27 42 44 51 25,2.0
2022-06-11,18 20 26 53 69 05,2.0
2022-06-08,22 39 43 62 64 07,4.0
2022-06-06,02 10 35 44 46 04,2.0
2022-06-04,14 16 36 52 60 16,3.0
2022-06-01,11 41 56 57 63 02,2.0
2022-05-30,27 28 51 68 69 22,2.0
2022-05-28,02 39 50 61 66 15,2.0
2022-05-25,19 28 39 42 57 17,3.0
2022-05-23,01 33 37 39 42 26,2.0
2022-05-21,14 15 25 52 58 11,2.0
2022-05-18,40 41 58 64 65 17,3.0
2022-05-16,07 15 22 36 64 13,2.0
2022-05-14,06 40 41 45 52 09,3.0
2022-05-11,05 07 61 63 69 18,2.0
2022-05-09,18 30 35 52 56 05,2.0
2022-05-07,04 05 06 28 67 10,2.0
2022-05-04,37 39 55 63 69 23,2.0
2022-05-02,18 27 33 39 44 08,5.0
2022-04-30,14 21 37 44 63 01,3.0
2022-04-27,11 36 61 62 68 04,2.0
2022-04-25,12 18 20 39 61 10,2.0
2022-04-23,10 39 47 49 56 08,3.0
2022-04-20,20 30 45 55 56 14,2.0
2022-04-18,08 33 55 59 62 18,2.0
2022-04-16,15 21 32 62 65 26,5.0
2022-04-13,14 16 41 63 68 26,2.0
2022-04-11,05 07 24 31 34 04,2.0
2022-04-06,06 42 45 47 64 18,3.0
2022-04-04,02 32 39 46 69 06,2.0
2022-04-02,06 28 47 58 59 18,2.0
2022-03-30,03 07 21 31 37 11,3.0
2022-03-28,11 18 39 58 62 03,2.0
2022-03-26,02 10 50 59 61 06,3.0
2022-03-23,31 32 37 38 48 24,2.0
2022-03-21,01 15 26 63 65 16,2.0
2022-03-19,08 09 18 48 52 06,2.0
2022-03-16,03 28 34 35 58 17,2.0
2022-03-14,21 28 32 44 49 06,3.0
2022-03-09,13 22 34 51 67 10,2.0
2022-03-07,10 43 55 59 67 02,3.0
2022-03-05,08 23 37 52 63 13,2.0
2022-03-02,19 37 48 61 63 12,2.0
2022-02-28,07 21 39 47 55 19,2.0
2022-02-26,15 32 36 48 64 19,3.0
2022-02-23,06 17 21 35 64 18,2.0
2022-02-21,02 36 37 45 69 03,2.0
2022-02-19,03 10 15 33 42 11,2.0
2022-02-16,22 30 40 42 48 16,2.0
2022-02-14,16 25 27 49 55 17,3.0
2022-02-12,08 10 21 41 62 07,3.0
2022-02-09,02 17 33 51 63 26,2.0
2022-02-07,05 15 38 47 65 10,3.0
2022-02-05,05 16 27 39 61 24,2.0
2022-02-02,18 29 33 62 63 15,3.0
2022-01-31,10 15 51 61 69 14,3.0
2022-01-29,02 15 38 54 65 11,4.0
2022-01-26,04 11 38 49 69 16,3.0
2022-01-24,11 29 30 47 53 16,3.0
2022-01-22,08 14 33 36 67 17,2.0
2022-01-19,11 15 43 55 61 10,3.0
2022-01-17,09 24 35 46 65 22,2.0
2022-01-15,03 18 37 51 59 13,2.0
2022-01-12,12 21 22 30 33 24,4.0
2022-01-10,14 17 18 21 27 09,2.0
2022-01-08,20 21 36 60 65 13,10.0
2022-01-05,06 14 25 33 46 17,2.0
2022-01-03,02 13 32 33 48 22,2.0
2022-01-01,06 12 39 48 50 07,2.0
2021-12-29,02 06 09 33 39 11,2.0
2021-12-27,36 38 45 62 64 19,2.0
2021-12-25,27 29 45 55 58 02,3.0
2021-12-22,07 16 19 48 68 15,2.0
2021-12-20,02 13 23 34 66 02,4.0
2021-12-18,02 06 24 51 61 01,2.0
2021-12-15,19 20 40 42 59 15,3.0
2021-12-13,10 30 37 53 59 04,2.0
2021-12-11,03 25 44 53 64 10,2.0
2021-12-08,03 07 33 50 69 24,2.0
2021-12-06,03 21 38 50 59 06,3.0
2021-12-04,10 40 45 56 67 02,2.0
2021-12-01,12 15 38 57 63 24,2.0
2021-11-29,18 26 28 38 47 17,2.0
2021-11-27,08 32 55 64 66 10,2.0
2021-11-24,10 16 32 63 65 17,2.0
2021-11-22,07 20 29 38 67 22,2.0
2021-11-20,40 43 48 59 69 19,3.0
2021-11-17,03 16 48 52 60 01,3.0
2021-11-15,05 31 34 51 53 23,2.0
2021-11-13,08 15 26 35 45 09,3.0
2021-11-10,19 25 43 46 48 14,2.0
2021-11-08,21 46 47 57 62 08,3.0
2021-11-06,08 30 48 57 64 09,2.0
2021-11-03,01 02 24 50 57 26,2.0
2021-11-01,09 25 34 44 45 08,3.0
2021-10-30,05 23 28 43 56 19,2.0
2021-10-27,03 06 26 35 51 17,4.0
2021-10-25,10 27 29 44 58 24,2.0
2021-10-23,10 30 51 57 63 20,2.0
2021-10-20,07 29 36 41 43 05,2.0
2021-10-18,30 32 48 53 63 12,2.0
2021-10-16,30 31 41 42 48 03,3.0
2021-10-13,23 29 47 59 60 15,2.0
2021-10-11,11 20 33 39 65 24,3.0
2021-10-09,12 17 30 45 62 05,2.0
2021-10-06,01 17 52 58 64 01,10.0
2021-10-04,12 22 54 66 69 15,2.0
2021-10-02,28 38 42 47 52 01,2.0
2021-09-29,02 07 11 17 32 11,3.0
2021-09-27,21 22 39 44 60 12,2.0
2021-09-25,22 23 37 62 63 19,3.0
2021-09-22,20 40 47 55 63 05,3.0
2021-09-20,37 51 54 58 60 19,2.0
2021-09-18,05 36 39 45 57 11,2.0
2021-09-15,01 04 18 46 62 25,3.0
2021-09-13,37 40 50 61 63 21,3.0
2021-09-11,20 31 38 40 49 21,2.0
2021-09-08,09 22 41 47 61 21,2.0
2021-09-06,11 20 22 33 54 24,2.0
2021-09-04,32 35 40 52 54 01,5.0
2021-09-01,10 20 29 48 51 17,2.0
2021-08-30,03 15 45 51 61 08,2.0
2021-08-28,12 22 26 46 59 26,2.0
2021-08-25,27 39 54 56 59 24,3.0
2021-08-23,17 36 47 60 61 15,3.0
2021-08-21,16 28 36 39 59 04,2.0
2021-08-18,35 36 51 55 61 26,2.0
2021-08-14,06 21 49 65 67 18,2.0
2021-08-11,12 18 20 29 30 16,3.0
2021-08-07,07 24 36 54 60 23,2.0
2021-08-04,05 21 32 36 58 14,2.0
2021-07-31,01 21 22 34 47 04,2.0
2021-07-28,25 30 53 59 60 05,3.0
2021-07-24,01 04 11 59 67 10,2.0
2021-07-21,27 28 44 67 68 11,2.0
2021-07-17,15 22 38 54 66 03,2.0
2021-07-14,33 46 52 59 62 10,2.0
2021-07-10,01 05 29 54 62 03,2.0
2021-07-07,08 21 30 49 57 08,2.0
2021-07-03,26 40 41 55 65 24,2.0
2021-06-30,24 29 50 65 66 14,4.0
2021-06-26,08 31 39 43 60 17,3.0
2021-06-23,13 20 40 51 63 01,3.0
2021-06-19,04 22 35 38 39 20,2.0
2021-06-16,19 29 34 44 50 25,2.0
2021-06-12,08 25 34 38 41 10,3.0
2021-06-09,19 28 46 50 54 09,2.0
2021-06-05,44 52 54 64 69 26,3.0
2021-06-02,06 07 11 66 67 19,3.0
2021-05-29,11 13 22 27 46 20,2.0
2021-05-26,02 08 21 34 62 16,2.0
2021-05-22,03 19 27 37 40 08,2.0
2021-05-19,11 13 55 56 69 04,2.0
2021-05-15,04 10 37 39 69 24,3.0
2021-05-12,01 19 20 38 54 17,2.0
2021-05-08,12 17 20 21 26 08,3.0
2021-05-05,16 23 28 40 63 01,2.0
2021-05-01,35 36 47 61 63 03,3.0
2021-04-24,22 36 48 59 61 22,3.0
2021-04-21,21 25 32 63 67 06,2.0
2021-04-17,10 21 26 41 49 25,2.0
2021-04-14,13 30 33 45 61 14,2.0
2021-04-10,14 16 23 50 53 03,3.0
2021-04-07,27 35 39 51 66 16,5.0
2021-04-03,01 12 17 39 53 05,2.0
2021-03-31,03 10 44 55 68 24,2.0
2021-03-27,06 14 38 39 65 06,3.0
2021-03-24,04 09 17 27 38 18,2.0
2021-03-20,01 06 22 42 61 04,3.0
2021-03-17,34 38 42 61 62 19,2.0
2021-03-13,05 11 51 56 61 02,2.0
2021-03-10,17 18 37 44 53 18,3.0
2021-03-06,11 31 50 52 58 18,4.0
2021-03-03,21 40 44 50 55 16,3.0
2021-02-27,02 28 31 44 52 18,3.0
2021-02-24,04 33 43 53 65 21,3.0
2021-02-20,04 08 22 32 58 04,10.0
2021-02-17,01 15 21 32 46 01,3.0
2021-02-13,20 28 33 63 68 20,2.0
2021-02-10,15 39 58 63 67 07,2.0
2021-02-06,01 16 48 49 65 08,2.0
2021-02-03,05 37 40 64 66 05,3.0
2021-01-30,01 02 07 52 61 04,3.0
2021-01-27,17 33 35 42 52 09,3.0
2021-01-23,05 08 17 27 28 14,3.0
2021-01-20,40 53 60 68 69 22,3.0
2021-01-16,14 20 39 65 67 02,3.0
2021-01-13,04 19 23 25 49 14,2.0
2021-01-09,14 26 38 45 46 13,2.0
2021-01-06,01 20 22 60 66 03,3.0
2021-01-02,03 04 11 41 67 05,2.0
2020-12-30,03 43 45 61 65 14,2.0
2020-12-26,10 24 27 35 53 18,2.0
2020-12-23,06 13 38 39 53 06,3.0
2020-12-19,27 32 34 43 52 13,2.0
2020-12-16,04 23 37 61 67 07,2.0
2020-12-12,17 54 56 63 69 20,2.0
2020-12-09,11 14 31 47 48 04,3.0
2020-12-05,03 04 06 48 53 10,2.0
2020-12-02,28 31 40 41 46 04,3.0
2020-11-28,08 12 18 44 51 18,2.0
2020-11-25,02 57 58 60 65 26,2.0
2020-11-21,51 54 57 60 69 11,2.0
2020-11-18,04 05 17 43 52 05,2.0
2020-11-14,07 15 18 32 45 20,2.0
2020-11-11,13 15 17 45 63 13,2.0
2020-11-07,14 16 37 48 58 18,2.0
2020-11-04,23 32 33 45 49 14,2.0
2020-10-31,02 06 40 42 55 24,3.0
2020-10-28,11 28 37 40 53 13,2.0
2020-10-24,18 20 27 45 65 06,2.0
2020-10-21,01 03 13 44 56 26,3.0
2020-10-17,06 10 31 37 44 23,2.0
2020-10-14,21 37 52 53 58 05,2.0
2020-10-10,05 18 23 40 50 18,3.0
2020-10-07,06 24 30 53 56 19,2.0
2020-10-03,18 31 36 43 47 20,2.0
2020-09-30,14 18 36 49 67 18,2.0
2020-09-26,11 21 27 36 62 24,3.0
2020-09-23,08 17 49 52 59 01,2.0
2020-09-19,11 14 23 47 57 14,4.0
2020-09-16,10 17 31 51 53 01,2.0
2020-09-12,16 17 20 53 67 04,2.0
2020-09-09,27 52 55 60 64 21,3.0
2020-09-05,15 21 22 27 47 07,2.0
2020-09-02,01 04 11 20 69 18,2.0
2020-08-29,05 21 22 29 43 10,2.0
2020-08-26,08 12 19 47 58 02,2.0
2020-08-22,19 30 36 42 66 14,3.0
2020-08-19,13 23 47 55 58 23,10.0
2020-08-15,05 12 34 45 56 03,3.0
2020-08-12,02 06 18 36 37 21,2.0
2020-08-08,02 03 14 40 51 24,3.0
2020-08-05,07 14 17 57 65 24,5.0
2020-08-01,06 25 36 43 48 24,3.0
2020-07-29,07 29 35 40 45 26,2.0
2020-07-25,05 21 36 61 62 18,2.0
2020-07-22,16 25 36 44 55 14,3.0
2020-07-18,13 16 32 58 59 09,2.0
2020-07-15,27 47 61 62 69 04,10.0
2020-07-11,14 19 61 62 64 04,2.0
2020-07-08,03 10 34 36 62 05,10.0
2020-07-04,16 21 27 60 61 06,2.0
2020-07-01,15 28 52 53 63 18,4.0
2020-06-27,09 36 49 56 62 08,2.0
2020-06-24,15 22 27 33 46 23,3.0
2020-06-20,10 31 41 63 67 05,3.0
2020-06-17,07 10 63 64 68 10,3.0
2020-06-13,02 12 32 50 65 05,3.0
2020-06-10,10 33 41 52 54 18,5.0
2020-06-06,01 17 38 68 69 18,2.0
2020-06-03,01 03 26 41 64 17,2.0
2020-05-30,13 32 41 58 60 14,2.0
2020-05-27,38 58 59 64 68 21,3.0
2020-05-23,02 08 18 21 23 16,4.0
2020-05-20,18 34 40 42 50 09,2.0
2020-05-16,08 12 26 39 42 11,2.0
2020-05-13,39 53 54 56 57 20,3.0
2020-05-09,12 18 42 48 65 19,5.0
2020-05-06,07 08 35 50 65 20,4.0
2020-05-02,13 16 33 58 68 24,5.0
2020-04-29,02 20 49 61 67 20,2.0
2020-04-25,01 03 21 47 57 18,2.0
2020-04-22,01 33 35 40 69 24,5.0
2020-04-18,04 44 46 56 63 19,2.0
2020-04-15,10 12 33 36 41 02,3.0
2020-04-11,22 29 30 42 47 17,3.0
2020-04-08,02 37 39 48 54 05,3.0
2020-04-04,08 31 39 40 43 04,3.0
2020-04-01,33 35 45 48 60 16,2.0
2020-03-28,07 40 48 55 66 11,2.0
2020-03-25,05 09 27 39 42 16,2.0
2020-03-21,02 23 40 59 69 13,2.0
2020-03-18,15 27 44 59 63 08,4.0
2020-03-14,09 23 26 30 32 08,3.0
2020-03-11,04 29 49 50 67 02,4.0
2020-03-07,07 15 21 33 62 23,2.0
2020-03-04,18 43 58 60 68 14,2.0
2020-02-29,24 44 46 50 51 13,3.0
2020-02-26,08 27 29 36 47 24,3.0
2020-02-22,25 37 39 61 62 11,3.0
2020-02-19,10 12 15 19 56 19,2.0
2020-02-15,16 32 35 36 46 03,3.0
2020-02-12,14 47 54 55 68 25,2.0
2020-02-08,35 49 50 59 66 06,2.0
2020-02-05,23 30 35 41 57 02,3.0
2020-02-01,12 33 54 57 60 13,4.0
2020-01-29,09 12 15 31 60 02,2.0
2020-01-25,02 09 17 36 67 18,2.0
2020-01-22,11 33 44 59 67 08,3.0
2020-01-18,20 24 38 56 68 18,2.0
2020-01-15,39 41 53 55 68 19,2.0
2020-01-11,03 21 23 31 59 03,2.0
2020-01-08,02 04 07 43 56 22,4.0
2020-01-04,01 11 21 25 54 07,2.0
2020-01-01,49 53 57 59 62 26,2.0
2019-12-28,20 23 39 59 60 18,2.0
2019-12-25,02 04 16 30 46 20,2.0
2019-12-21,19 31 35 50 67 14,2.0
2019-12-18,14 18 26 39 68 09,2.0
2019-12-14,03 06 12 32 64 19,3.0
2019-12-11,24 29 42 44 63 10,4.0
2019-12-07,18 42 53 62 66 25,3.0
2019-12-04,08 27 44 51 61 14,3.0
2019-11-30,15 35 42 63 68 18,4.0
2019-11-27,15 26 37 53 55 21,2.0
2019-11-23,28 35 38 61 66 23,3.0
2019-11-20,07 15 39 40 57 12,2.0
2019-11-16,14 22 26 55 63 26,3.0
2019-11-13,23 26 27 28 66 11,2.0
2019-11-09,14 17 35 38 60 25,2.0
2019-11-06,15 28 46 62 64 17,3.0
2019-11-02,03 23 32 37 58 22,2.0
2019-10-30,19 22 52 56 67 21,2.0
2019-10-26,03 20 48 54 59 04,4.0
2019-10-23,05 12 50 61 69 23,2.0
2019-10-19,14 27 29 59 65 12,2.0
2019-10-16,01 05 25 63 67 03,2.0
2019-10-12,12 29 34 53 65 23,2.0
2019-10-09,05 18 33 43 65 02,2.0
2019-10-05,06 14 36 51 54 04,2.0
2019-10-02,04 08 10 43 53 07,2.0
2019-09-28,15 23 34 51 55 04,2.0
2019-09-25,37 43 44 45 53 25,3.0
2019-09-21,01 09 22 36 68 22,2.0
2019-09-18,14 19 39 47 51 15,3.0
2019-09-14,11 27 31 36 67 11,2.0
2019-09-11,06 17 24 53 57 03,3.0
2019-09-07,11 20 41 42 56 06,2.0
2019-09-04,04 08 30 52 59 02,10.0
2019-08-31,14 41 50 56 57 18,5.0
2019-08-28,09 32 37 41 56 14,10.0
2019-08-24,05 12 20 21 47 01,2.0
2019-08-21,12 21 22 29 32 21,2.0
2019-08-17,18 21 24 30 60 20,3.0
2019-08-14,10 13 30 51 69 10,2.0
2019-08-10,35 41 44 58 59 03,3.0
2019-08-07,08 32 47 53 59 03,3.0
2019-08-03,03 06 45 66 68 13,2.0
2019-07-31,14 37 47 55 67 06,2.0
2019-07-27,01 19 31 48 61 06,2.0
2019-07-24,22 29 35 53 56 13,2.0
2019-07-20,05 26 36 64 69 19,3.0
2019-07-17,19 43 47 60 68 10,2.0
2019-07-13,13 23 32 35 68 21,3.0
2019-07-10,07 09 26 44 68 03,3.0
2019-07-06,04 08 23 46 65 01,2.0
2019-07-03,40 43 45 50 61 25,3.0
2019-06-29,13 17 24 59 62 08,2.0
2019-06-26,01 05 16 22 54 24,3.0
2019-06-22,03 06 11 14 66 21,2.0
2019-06-19,04 18 21 26 38 01,3.0
2019-06-15,08 11 14 16 49 14,3.0
2019-06-12,05 35 38 42 57 13,2.0
2019-06-08,09 13 42 48 60 18,2.0
2019-06-05,17 23 28 34 38 08,3.0
2019-06-01,06 15 34 45 52 08,2.0
2019-05-29,03 32 34 42 61 07,2.0
2019-05-25,01 02 39 43 66 02,3.0
2019-05-22,07 10 20 44 57 03,2.0
2019-05-18,02 10 25 66 67 26,4.0
2019-05-15,07 17 33 61 68 04,2.0
2019-05-11,06 08 09 37 40 26,2.0
2019-05-08,01 45 53 64 66 03,3.0
2019-05-04,06 16 23 30 61 02,2.0
2019-05-01,05 23 28 56 66 17,5.0
2019-04-27,02 29 41 45 62 06,3.0
2019-04-24,06 32 35 36 65 04,5.0
2019-04-20,03 27 30 63 65 01,3.0
2019-04-17,01 15 17 46 66 15,3.0
2019-04-13,04 17 26 32 49 10,2.0
2019-04-10,12 21 23 39 67 06,4.0
2019-04-06,15 33 43 59 60 08,3.0
2019-04-03,16 19 25 32 49 18,2.0
2019-03-30,21 52 54 64 68 04,3.0
2019-03-27,16 20 37 44 62 12,3.0
2019-03-23,24 25 52 60 66 05,3.0
2019-03-20,10 14 50 53 63 21,2.0
2019-03-16,30 34 39 53 67 11,2.0
2019-03-13,18 36 45 47 69 14,3.0
2019-03-09,05 06 45 55 59 14,3.0
2019-03-06,06 10 21 35 46 23,2.0
2019-03-02,01 19 25 27 68 21,2.0
2019-02-27,21 31 42 49 59 23,5.0
2019-02-23,04 06 14 20 32 13,2.0
2019-02-20,27 49 50 51 52 02,2.0
2019-02-16,29 30 41 48 64 01,4.0
2019-02-13,02 08 14 24 69 26,2.0
2019-02-09,01 02 03 07 39 25,3.0
2019-02-06,05 13 28 38 63 21,5.0
2019-02-02,10 17 18 43 65 13,5.0
2019-01-30,02 12 16 29 54 06,2.0
2019-01-26,08 12 20 21 32 10,4.0
2019-01-23,23 25 47 48 50 24,3.0
2019-01-19,05 08 41 65 66 20,3.0
2019-01-16,14 29 31 56 61 01,2.0
2019-01-12,07 36 48 57 58 24,2.0
2019-01-09,06 19 37 49 59 22,3.0
2019-01-05,03 07 15 27 69 19,2.0
2019-01-02,08 12 42 46 56 12,2.0
2018-12-29,12 42 51 53 62 25,2.0
2018-12-26,05 25 38 52 67 24,2.0
2018-12-22,21 28 30 40 59 26,3.0
2018-12-19,15 29 31 37 43 16,2.0
2018-12-15,08 38 43 52 55 17,3.0
2018-12-12,04 09 21 29 64 26,2.0
2018-12-08,14 32 34 46 61 10,2.0
2018-12-05,09 11 36 37 38 11,5.0
2018-12-01,10 11 47 55 58 26,2.0
2018-11-28,04 19 59 68 69 21,2.0
2018-11-24,11 33 51 56 58 18,2.0
2018-11-21,07 14 23 38 55 18,2.0
2018-11-17,06 08 20 52 68 05,2.0
2018-11-14,07 42 49 62 69 23,5.0
2018-11-10,05 29 34 53 57 24,2.0
2018-11-07,26 28 34 42 50 25,2.0
2018-11-03,15 21 24 32 65 11,3.0
2018-10-31,07 25 39 40 47 20,3.0
2018-10-27,08 12 13 19 27 04,3.0
2018-10-24,03 21 45 53 56 22,2.0
2018-10-20,16 54 57 62 69 23,2.0
2018-10-17,03 57 64 68 69 15,3.0
2018-10-13,11 14 32 43 65 15,3.0
2018-10-10,08 23 27 42 60 07,3.0
2018-10-06,01 22 27 53 67 15,3.0
2018-10-03,41 53 59 63 66 03,3.0
2018-09-29,09 17 34 59 64 22,2.0
2018-09-26,01 02 07 30 50 08,5.0
2018-09-22,24 61 63 64 69 18,5.0
2018-09-19,04 39 48 50 51 11,3.0
2018-09-15,02 18 19 24 34 03,3.0
2018-09-12,06 28 48 63 64 24,2.0
2018-09-08,03 13 20 32 33 21,3.0
2018-09-05,06 15 50 59 60 13,2.0
2018-09-01,11 54 55 61 66 09,3.0
2018-08-29,25 41 53 57 67 12,2.0
2018-08-25,20 25 54 57 63 08,2.0
2018-08-22,01 07 45 47 69 13,2.0
2018-08-18,24 34 52 61 67 16,3.0
2018-08-15,12 15 28 47 48 16,2.0
2018-08-11,05 43 56 62 68 24,2.0
2018-08-08,10 21 30 43 63 17,2.0
2018-08-04,03 11 38 44 58 02,4.0
2018-08-01,05 22 32 38 58 26,2.0
2018-07-28,22 27 46 56 65 13,2.0
2018-07-25,02 18 41 44 64 26,2.0
2018-07-21,09 23 56 58 68 01,2.0
2018-07-18,01 10 27 28 36 12,2.0
2018-07-14,22 41 42 49 67 11,3.0
2018-07-11,19 21 27 46 47 07,4.0
2018-07-07,01 10 43 45 64 22,3.0
2018-07-04,04 07 15 41 44 10,2.0
2018-06-30,03 09 20 42 61 24,2.0
2018-06-27,07 28 37 62 63 15,2.0
2018-06-23,16 29 43 45 56 25,2.0
2018-06-20,04 14 23 27 56 13,2.0
2018-06-16,09 45 57 58 65 09,2.0
2018-06-13,13 20 38 45 55 01,2.0
2018-06-09,06 10 15 25 36 14,3.0
2018-06-06,23 28 41 53 56 14,3.0
2018-06-02,23 25 37 44 64 07,4.0
2018-05-30,17 23 26 46 68 20,2.0
2018-05-26,01 21 31 45 49 21,2.0
2018-05-23,20 54 56 61 64 07,4.0
2018-05-19,03 06 09 17 56 25,3.0
2018-05-16,17 19 21 22 51 19,2.0
2018-05-12,22 42 45 55 56 14,3.0
2018-05-09,11 16 38 50 69 19,2.0
2018-05-05,14 29 36 57 61 17,4.0
2018-05-02,05 14 31 40 50 06,2.0
2018-04-28,20 22 28 45 50 08,5.0
2018-04-25,17 18 39 56 64 12,3.0
2018-04-21,40 50 54 62 69 19,2.0
2018-04-18,09 10 12 17 23 09,2.0
2018-04-14,17 19 26 61 62 15,2.0
2018-04-11,16 18 27 55 67 18,3.0
2018-04-07,02 17 20 38 39 20,2.0
2018-04-04,08 24 42 54 64 24,4.0
2018-03-31,08 24 52 55 61 21,3.0
2018-03-28,06 08 26 52 53 21,2.0
2018-03-24,10 33 45 53 56 24,3.0
2018-03-21,03 04 18 29 61 25,2.0
2018-03-17,22 57 59 60 66 07,2.0
2018-03-14,06 12 24 41 68 09,3.0
2018-03-10,43 44 54 61 69 22,3.0
2018-03-07,06 13 19 36 51 18,2.0
2018-03-03,13 17 25 36 40 05,2.0
2018-02-28,12 30 59 65 69 16,5.0
2018-02-24,24 25 38 62 63 06,2.0
2018-02-21,07 15 31 34 36 08,3.0
2018-02-17,13 26 39 44 62 02,3.0
2018-02-14,37 39 44 46 69 26,2.0
2018-02-10,01 13 27 41 59 20,5.0
2018-02-07,23 34 35 40 47 10,2.0
2018-02-03,15 23 27 48 53 06,2.0
2018-01-31,04 07 14 46 59 22,10.0
2018-01-27,17 21 26 47 54 07,2.0
2018-01-24,05 09 11 33 64 21,3.0
2018-01-20,26 28 47 49 58 03,4.0
2018-01-17,03 33 37 51 57 21,2.0
2018-01-13,14 25 35 58 69 24,2.0
2018-01-10,07 24 33 49 50 04,5.0
2018-01-06,12 61 30 29 33 26,3.0
2018-01-03,02 18 37 39 42 12,3.0
2017-12-30,28 36 41 51 58 24,2.0
2017-12-27,03 09 16 56 60 03,3.0
2017-12-23,01 03 13 15 44 25,2.0
2017-12-20,01 20 61 64 69 20,2.0
2017-12-16,09 35 37 50 63 11,2.0
2017-12-13,02 24 28 51 58 07,3.0
2017-12-09,25 36 37 55 60 06,5.0
2017-12-06,19 20 50 55 62 09,2.0
2017-12-02,28 30 32 36 58 06,3.0
2017-11-29,24 26 28 59 63 16,3.0
2017-11-25,08 13 27 53 54 04,2.0
2017-11-22,35 37 46 51 61 13,2.0
2017-11-18,17 28 31 32 39 26,3.0
2017-11-15,23 32 44 48 50 25,2.0
2017-11-11,04 06 16 30 56 18,2.0
2017-11-08,12 14 20 21 34 22,2.0
2017-11-04,12 14 26 48 51 13,3.0
2017-11-01,03 06 19 26 44 01,2.0
2017-10-28,27 35 38 57 66 10,2.0
2017-10-25,18 22 29 54 57 08,3.0
2017-10-21,14 41 42 45 69 04,2.0
2017-10-18,30 49 54 66 69 08,2.0
2017-10-14,32 37 56 66 69 11,3.0
2017-10-11,01 03 13 19 69 23,2.0
2017-10-07,10 49 61 63 65 07,2.0
2017-10-04,22 23 62 63 66 24,2.0
2017-09-30,08 12 25 41 64 15,3.0
2017-09-27,08 10 21 23 25 22,3.0
2017-09-23,24 45 55 56 57 19,2.0
2017-09-20,39 48 53 67 68 26,3.0
2017-09-16,17 18 24 25 31 24,2.0
2017-09-13,17 24 35 57 63 19,3.0
2017-09-09,06 20 29 57 59 22,2.0
2017-09-06,08 14 32 58 67 17,3.0
2017-09-02,06 21 41 52 62 26,2.0
2017-08-30,19 28 43 67 69 07,2.0
2017-08-26,07 15 32 38 66 15,2.0
2017-08-23,06 07 16 23 26 04,4.0
2017-08-19,17 19 39 43 68 13,4.0
2017-08-16,09 15 43 60 64 04,3.0
2017-08-12,20 24 26 35 49 19,2.0
2017-08-09,12 30 36 47 62 09,4.0
2017-08-05,11 21 28 33 45 11,2.0
2017-08-02,01 16 54 63 69 18,3.0
2017-07-29,01 28 40 45 48 12,2.0
2017-07-26,07 19 21 42 69 12,2.0
2017-07-22,05 32 44 53 60 09,3.0
2017-07-19,50 51 59 61 63 04,5.0
2017-07-15,09 40 63 64 66 17,2.0
2017-07-12,01 02 18 23 61 09,2.0
2017-07-08,08 10 29 40 59 26,2.0
2017-07-05,04 09 16 54 68 21,2.0
2017-07-01,19 42 45 48 53 16,3.0
2017-06-28,29 37 46 53 68 08,2.0
2017-06-24,10 22 32 36 58 10,4.0
2017-06-21,14 46 61 65 68 13,2.0
2017-06-17,10 13 32 53 62 21,2.0
2017-06-14,05 22 43 57 63 24,2.0
2017-06-07,05 21 57 66 69 13,3.0
2017-06-03,03 09 21 41 54 25,4.0
2017-05-31,04 33 39 46 60 06,2.0
2017-05-27,05 10 28 55 67 09,3.0
2017-05-24,28 32 33 38 62 15,2.0
2017-05-20,05 22 45 47 54 03,2.0
2017-05-17,04 11 39 45 48 09,3.0
2017-05-13,17 20 32 63 68 19,5.0
2017-05-10,29 31 46 56 62 08,2.0
2017-05-06,11 21 31 41 59 21,3.0
2017-05-03,17 18 49 59 66 09,2.0
2017-04-29,22 23 24 45 62 05,2.0
2017-04-26,01 15 18 26 51 26,4.0
2017-04-22,21 39 41 48 63 06,3.0
2017-04-19,01 19 37 40 52 15,3.0
2017-04-15,05 22 26 45 61 13,3.0
2017-04-12,08 14 61 63 68 24,2.0
2017-04-08,23 36 51 53 60 15,2.0
2017-04-05,08 20 46 53 54 13,2.0
2017-04-01,09 32 36 44 65 01,3.0
2017-03-29,08 15 31 36 62 11,3.0
2017-03-25,18 31 32 45 48 16,4.0
2017-03-22,02 09 27 29 42 09,2.0
2017-03-18,13 25 44 54 67 05,3.0
2017-03-15,16 30 41 48 53 16,3.0
2017-03-11,01 26 41 50 57 11,2.0
2017-03-08,23 33 42 46 59 04,2.0
2017-03-04,02 18 19 22 63 19,3.0
2017-03-01,10 16 40 52 55 17,10.0
2017-02-25,06 32 47 62 65 19,2.0
2017-02-22,10 13 28 52 61 02,2.0
2017-02-18,03 07 09 31 33 20,3.0
2017-02-15,05 28 33 38 42 19,2.0
2017-02-11,05 09 17 37 64 02,2.0
2017-02-08,14 20 42 49 66 05,2.0
2017-02-04,06 13 16 17 52 25,3.0
2017-02-01,09 43 57 60 64 10,2.0
2017-01-28,12 20 39 49 69 17,2.0
2017-01-25,18 28 62 66 68 22,2.0
2017-01-21,23 25 45 52 67 02,2.0
2017-01-18,09 40 41 53 58 12,2.0
2017-01-14,23 55 59 64 69 13,5.0
2017-01-11,01 03 13 16 43 24,2.0
2017-01-07,03 12 24 37 63 10,2.0
2017-01-04,16 17 29 41 42 04,3.0
2016-12-31,01 03 28 57 67 09,2.0
2016-12-28,16 23 30 44 58 04,2.0
2016-12-24,28 38 42 51 52 21,2.0
2016-12-21,25 33 40 54 68 03,5.0
2016-12-17,01 08 16 40 48 10,2.0
2016-12-14,18 26 37 39 66 15,3.0
2016-12-10,12 21 32 44 66 15,2.0
2016-12-07,41 48 49 53 64 20,2.0
2016-12-03,08 10 26 27 33 22,2.0
2016-11-30,03 14 18 25 45 07,2.0
2016-11-26,17 19 21 37 44 16,2.0
2016-11-23,07 32 41 47 61 03,2.0
2016-11-19,16 24 28 43 61 21,2.0
2016-11-16,28 41 61 63 65 07,2.0
2016-11-12,08 17 20 27 52 24,2.0
2016-11-09,01 25 28 31 54 02,2.0
2016-11-05,21 31 50 51 69 08,3.0
2016-11-02,13 18 37 54 61 05,2.0
2016-10-29,19 20 21 42 48 23,3.0
2016-10-26,02 03 16 48 56 24,2.0
2016-10-22,01 28 33 55 56 22,2.0
2016-10-19,10 16 38 43 63 23,2.0
2016-10-15,23 49 57 64 67 20,2.0
2016-10-12,16 30 34 37 44 16,2.0
2016-10-08,03 54 61 64 68 09,2.0
2016-10-05,08 18 27 29 60 15,2.0
2016-10-01,02 12 50 61 64 01,2.0
2016-09-28,30 38 52 53 62 01,3.0
2016-09-24,07 15 20 29 41 22,2.0
2016-09-21,01 28 63 67 69 17,4.0
2016-09-17,09 19 51 55 62 14,4.0
2016-09-14,10 11 23 28 31 14,2.0
2016-09-10,03 17 49 55 68 08,2.0
2016-09-07,22 23 29 33 55 21,2.0
2016-09-03,07 39 50 59 67 25,3.0
2016-08-31,05 10 24 56 61 12,2.0
2016-08-27,04 32 48 49 63 20,2.0
2016-08-24,09 11 25 64 65 16,3.0
2016-08-20,03 06 21 60 68 24,2.0
2016-08-17,33 44 49 50 52 08,3.0
2016-08-13,38 44 60 64 69 06,2.0
2016-08-10,23 56 61 64 67 12,5.0
2016-08-06,20 33 36 47 52 12,3.0
2016-08-03,09 11 27 66 67 02,3.0
2016-07-30,11 17 21 23 32 05,2.0
2016-07-27,10 47 50 65 68 24,2.0
2016-07-23,05 07 23 35 39 11,2.0
2016-07-20,06 25 35 58 66 05,2.0
2016-07-16,11 17 40 50 62 26,2.0
2016-07-13,03 15 29 54 57 10,3.0
2016-07-09,10 28 32 61 64 12,3.0
2016-07-06,02 24 31 57 66 18,3.0
2016-07-02,10 34 39 59 63 04,2.0
2016-06-29,23 29 37 60 64 06,2.0
2016-06-25,03 27 36 56 69 25,2.0
2016-06-22,14 40 42 43 52 17,3.0
2016-06-18,02 23 41 53 63 11,2.0
2016-06-15,04 22 24 31 33 10,2.0
2016-06-11,20 27 36 41 58 07,2.0
2016-06-08,12 25 37 60 69 20,3.0
2016-06-04,16 20 22 43 64 17,2.0
2016-06-01,23 30 33 40 69 12,5.0
2016-05-28,06 33 34 58 59 12,2.0
2016-05-25,11 24 41 59 64 15,3.0
2016-05-21,05 07 09 23 32 26,4.0
2016-05-18,23 25 39 54 67 11,3.0
2016-05-14,13 27 47 64 65 09,3.0
2016-05-11,20 32 52 66 69 23,3.0
2016-05-07,05 25 26 44 66 09,2.0
2016-05-04,30 47 57 66 69 03,3.0
2016-04-30,03 12 16 32 34 14,3.0
2016-04-27,02 25 33 39 64 17,2.0
2016-04-23,19 35 46 59 62 13,5.0
2016-04-20,12 25 30 52 62 08,3.0
2016-04-16,03 18 25 32 51 03,2.0
2016-04-13,30 33 35 38 64 22,3.0
2016-04-09,14 22 23 41 61 09,3.0
2016-04-06,04 28 49 60 65 25,2.0
2016-04-02,09 28 30 40 61 03,2.0
2016-03-30,24 44 53 55 63 19,2.0
2016-03-26,11 23 42 52 68 06,3.0
2016-03-23,05 08 15 22 49 25,3.0
2016-03-19,11 23 43 54 60 03,3.0
2016-03-16,10 12 13 46 50 21,3.0
2016-03-12,11 28 50 57 62 23,2.0
2016-03-09,14 23 32 34 68 03,3.0
2016-03-05,03 27 34 59 69 19,2.0
2016-03-02,12 13 44 52 62 06,2.0
2016-02-27,10 11 21 22 53 18,3.0
2016-02-24,21 31 64 65 67 05,3.0
2016-02-20,11 12 15 16 54 25,5.0
2016-02-17,07 17 27 29 40 25,2.0
2016-02-13,07 15 18 19 36 20,2.0
2016-02-10,02 03 40 50 62 05,2.0
2016-02-06,04 13 31 36 52 08,3.0
2016-02-03,26 28 31 60 67 23,3.0
2016-01-30,05 12 16 31 43 18,4.0
2016-01-27,03 12 40 52 67 21,2.0
2016-01-23,22 32 34 40 69 19,4.0
2016-01-20,05 39 44 47 69 24,5.0
2016-01-16,03 51 52 61 64 06,2.0
2016-01-13,04 08 19 27 34 10,2.0
2016-01-09,16 19 32 34 57 13,3.0
2016-01-06,02 11 47 62 63 17,3.0
2016-01-02,05 06 15 29 42 10,2.0
2015-12-30,12 36 38 54 61 22,3.0
2015-12-26,27 40 44 59 65 20,2.0
2015-12-23,16 38 55 63 67 25,4.0
2015-12-19,28 30 41 59 68 10,2.0
2015-12-16,09 10 32 42 55 06,2.0
2015-12-12,02 14 19 30 62 22,2.0
2015-12-09,07 10 16 46 56 01,2.0
2015-12-05,13 27 33 47 68 13,2.0
2015-12-02,14 18 19 32 64 09,2.0
2015-11-28,02 06 47 66 67 02,3.0
2015-11-25,16 29 53 58 69 21,2.0
2015-11-21,37 47 50 52 57 21,3.0
2015-11-18,17 40 41 46 69 06,2.0
2015-11-14,14 22 37 45 66 05,3.0
2015-11-11,04 26 32 55 64 18,3.0
2015-11-07,07 16 25 50 53 15,2.0
2015-11-04,02 12 17 20 65 17,4.0
2015-10-31,09 20 25 47 68 07,2.0
2015-10-28,04 54 56 62 63 10,2.0
2015-10-24,20 31 56 60 64 02,3.0
2015-10-21,30 32 42 56 57 11,4.0
2015-10-17,48 49 57 62 69 19,3.0
2015-10-14,15 20 29 31 40 01,2.0
2015-10-10,12 27 29 43 68 01,2.0
2015-10-07,18 30 40 48 52 09,3.0
2015-10-03,06 26 33 44 46 04,2.0
2015-09-30,21 39 40 55 59 17,3.0
2015-09-26,23 31 42 50 57 05,3.0
2015-09-23,08 29 41 51 58 05,2.0
2015-09-19,12 17 26 43 48 24,2.0
2015-09-16,05 07 24 31 39 07,3.0
2015-09-12,02 03 13 16 35 27,3.0
2015-09-09,44 45 47 50 51 08,2.0
2015-09-05,10 16 18 29 45 19,2.0
2015-09-02,17 22 30 46 56 16,3.0
2015-08-29,18 21 25 28 29 16,2.0
2015-08-26,02 22 32 45 56 12,5.0
2015-08-22,04 12 14 21 55 07,4.0
2015-08-19,06 08 43 48 50 07,2.0
2015-08-15,03 13 17 42 52 24,4.0
2015-08-12,08 13 29 38 52 28,2.0
2015-08-08,09 34 48 52 54 15,4.0
2015-08-05,09 11 14 16 42 19,2.0
2015-08-01,07 13 24 49 57 15,3.0
2015-07-29,04 22 27 28 52 35,3.0
2015-07-25,27 29 34 41 44 02,3.0
2015-07-22,12 31 43 44 57 11,2.0
2015-07-18,06 37 39 45 55 33,3.0
2015-07-15,13 16 34 45 50 11,2.0
2015-07-11,11 39 46 52 54 03,2.0
2015-07-08,04 15 25 27 30 18,3.0
2015-07-04,03 06 14 18 24 21,3.0
2015-07-01,07 24 26 31 41 25,2.0
2015-06-27,18 28 35 46 49 27,5.0
2015-06-24,03 05 10 22 32 07,4.0
2015-06-20,09 10 16 20 57 15,2.0
2015-06-17,20 21 22 41 54 07,3.0
2015-06-13,29 41 48 52 54 29,2.0
2015-06-10,31 32 48 49 53 25,2.0
2015-06-06,08 13 18 27 43 15,4.0
2015-06-03,06 08 13 37 40 11,2.0
2015-05-30,08 09 25 56 57 22,2.0
2015-05-27,08 15 34 53 59 23,2.0
2015-05-23,09 15 17 31 43 16,4.0
2015-05-20,01 12 28 35 44 25,3.0
2015-05-16,24 29 38 48 52 32,2.0
2015-05-13,01 25 29 31 47 07,3.0
2015-05-09,04 15 17 35 58 17,3.0
2015-05-06,23 24 27 39 41 30,5.0
2015-05-02,02 06 11 30 31 33,3.0
2015-04-29,01 26 34 38 51 06,3.0
2015-04-25,21 33 35 38 45 12,2.0
2015-04-22,10 14 25 39 53 18,2.0
2015-04-18,13 22 23 29 31 17,3.0
2015-04-15,01 16 21 29 40 30,3.0
2015-04-11,01 12 32 42 58 12,2.0
2015-04-08,01 19 45 46 58 29,2.0
2015-04-04,33 39 40 41 54 28,3.0
2015-04-01,02 30 33 39 44 01,3.0
2015-03-28,02 04 06 12 38 17,3.0
2015-03-25,07 19 23 50 54 14,2.0
2015-03-21,11 16 30 38 42 07,4.0
2015-03-18,14 25 30 33 47 08,2.0
2015-03-14,08 14 39 46 47 18,2.0
2015-03-11,11 24 31 40 44 27,2.0
2015-03-07,34 36 38 42 50 33,4.0
2015-03-04,08 12 15 35 50 32,2.0
2015-02-28,11 17 25 28 46 12,2.0
2015-02-25,17 19 21 32 39 08,3.0
2015-02-21,10 14 18 34 51 26,2.0
2015-02-18,01 09 29 32 49 22,2.0
2015-02-14,01 24 44 45 51 28,2.0
2015-02-11,11 13 25 39 54 19,3.0
2015-02-07,05 10 21 34 58 33,5.0
2015-02-04,24 36 51 52 56 22,2.0
2015-01-31,05 11 16 26 50 34,2.0
2015-01-28,12 24 35 36 49 01,5.0
2015-01-24,16 19 20 29 33 10,2.0
2015-01-21,11 12 15 28 57 23,4.0
2015-01-17,15 16 23 27 36 09,2.0
2015-01-14,02 04 10 41 53 22,5.0
2015-01-10,02 09 19 28 29 19,5.0
2015-01-07,14 15 47 49 59 10,2.0
2015-01-03,04 18 43 46 55 25,3.0
2014-12-31,17 27 37 40 53 35,2.0
2014-12-27,07 10 11 14 36 15,2.0
2014-12-24,11 12 46 47 50 22,4.0
2014-12-20,14 15 19 31 56 05,5.0
2014-12-17,22 31 38 47 48 15,3.0
2014-12-13,05 13 28 43 55 33,3.0
2014-12-10,34 44 48 54 55 10,2.0
2014-12-06,12 15 22 43 49 14,2.0
2014-12-03,25 30 32 46 54 26,3.0
2014-11-29,13 24 30 42 48 27,2.0
2014-11-26,16 17 22 46 54 35,5.0
2014-11-22,23 49 53 54 57 35,2.0
2014-11-19,06 36 38 48 51 17,2.0
2014-11-15,13 16 33 35 51 28,2.0
2014-11-12,37 39 51 52 55 11,3.0
2014-11-08,09 19 33 38 54 15,3.0
2014-11-05,02 11 19 21 42 34,3.0
2014-11-01,01 03 13 25 38 17,2.0
2014-10-29,25 28 48 57 59 16,3.0
2014-10-25,06 10 51 54 57 12,2.0
2014-10-22,29 30 40 42 50 16,2.0
2014-10-18,20 26 27 36 54 19,2.0
2014-10-15,05 07 19 27 28 20,2.0
2014-10-11,10 19 37 38 39 28,2.0
2014-10-08,05 16 31 46 50 18,3.0
2014-10-04,13 18 24 25 33 31,2.0
2014-10-01,01 04 18 20 45 07,2.0
2014-09-27,02 11 35 52 54 13,3.0
2014-09-24,07 14 21 24 41 26,4.0
2014-09-20,22 23 30 37 39 16,4.0
2014-09-17,18 25 36 48 50 23,2.0
2014-09-13,01 06 16 37 53 27,3.0
2014-09-10,02 14 39 40 43 13,5.0
2014-09-06,09 29 31 43 50 18,2.0
2014-09-03,02 16 43 45 51 35,3.0
2014-08-30,05 28 31 52 59 27,2.0
2014-08-27,17 24 26 45 46 19,3.0
2014-08-23,28 32 35 36 52 31,3.0
2014-08-20,04 08 21 38 40 03,2.0
2014-08-16,07 08 17 48 59 09,2.0
2014-08-13,08 37 39 40 52 24,2.0
2014-08-09,03 12 31 34 51 24,2.0
2014-08-06,01 08 24 28 49 24,5.0
2014-08-02,12 26 44 46 47 29,2.0
2014-07-30,13 30 42 49 53 29,3.0
2014-07-26,24 28 30 38 39 16,2.0
2014-07-23,04 10 12 22 31 03,5.0
2014-07-19,10 17 25 45 53 09,2.0
2014-07-16,05 15 18 26 32 35,3.0
2014-07-12,02 03 07 23 51 26,2.0
2014-07-09,09 25 42 55 57 14,2.0
2014-07-05,24 34 36 57 58 11,4.0
2014-07-02,08 18 45 53 58 35,2.0
2014-06-25,10 20 25 50 53 35,4.0
2014-06-21,05 06 37 41 54 26,3.0
2014-06-18,06 09 29 52 59 07,3.0
2014-06-14,09 33 42 45 54 30,3.0
2014-06-11,14 18 25 33 49 23,5.0
2014-06-07,28 30 35 58 59 15,2.0
2014-06-04,01 07 10 22 49 24,3.0
2014-05-31,15 27 31 34 48 01,2.0
2014-05-28,02 24 28 32 59 25,3.0
2014-05-24,15 16 28 49 55 18,2.0
2014-05-21,04 20 34 39 58 31,5.0
2014-05-17,23 32 39 47 49 22,3.0
2014-05-14,07 33 39 52 55 33,3.0
2014-05-10,04 31 41 47 55 01,2.0
2014-05-07,17 29 31 48 49 34,2.0
2014-05-03,05 15 16 46 49 26,4.0
2014-04-30,02 09 11 19 50 32,3.0
2014-04-26,03 07 22 30 33 20,3.0
2014-04-23,19 25 29 36 48 12,4.0
2014-04-19,05 06 29 35 51 21,5.0
2014-04-16,34 39 42 44 59 08,3.0
2014-04-12,14 26 45 54 55 20,2.0
2014-04-09,09 14 44 48 49 29,2.0
2014-04-05,11 21 26 33 34 29,5.0
2014-04-02,08 13 19 22 53 24,2.0
2014-03-29,02 03 12 27 38 17,2.0
2014-03-26,28 33 41 44 59 21,2.0
2014-03-22,13 28 31 55 58 15,2.0
2014-03-19,02 19 23 34 43 14,2.0
2014-03-15,02 05 34 51 58 09,4.0
2014-03-12,14 15 28 37 54 10,2.0
2014-03-08,10 14 24 32 41 30,2.0
2014-03-05,03 07 09 26 54 19,2.0
2014-03-01,03 08 25 30 47 13,4.0
2014-02-26,11 12 17 38 42 02,2.0
2014-02-22,02 03 13 14 54 04,5.0
2014-02-19,01 17 35 49 54 34,3.0
2014-02-15,02 09 14 21 23 03,3.0
2014-02-12,36 44 49 52 57 01,2.0
2014-02-08,24 25 34 37 54 29,2.0
2014-02-05,08 17 32 57 59 24,3.0
2014-02-01,05 12 15 27 38 07,2.0
2014-01-29,11 23 28 32 47 20,2.0
2014-01-25,08 12 18 55 57 02,2.0
2014-01-22,01 02 07 09 55 29,3.0
2014-01-18,13 14 19 31 38 25,
2014-01-15,07 08 09 24 29 25,
2014-01-11,10 15 33 48 54 34,
2014-01-08,10 28 39 47 58 22,
2014-01-04,19 20 37 41 58 14,
2014-01-01,15 24 40 48 52 23,
2013-12-28,08 35 44 51 56 18,
2013-12-25,23 28 38 39 56 32,
2013-12-21,25 36 40 45 51 08,
2013-12-18,07 24 37 39 40 01,
2013-12-14,14 25 32 33 41 34,
2013-12-11,01 10 13 18 19 27,
2013-12-07,13 20 32 45 48 17,
2013-12-04,06 09 11 31 44 25,
2013-11-30,05 26 44 45 57 29,
2013-11-27,18 25 50 55 57 17,
2013-11-23,05 12 43 52 55 10,
2013-11-20,04 18 23 32 45 07,
2013-11-16,10 29 37 44 59 10,
2013-11-13,05 31 50 55 56 09,
2013-11-09,03 09 37 49 56 32,
2013-11-06,01 05 10 15 49 22,
2013-11-02,13 23 24 27 40 17,
2013-10-30,02 36 40 49 54 10,
2013-10-26,04 06 34 49 56 29,
2013-10-23,03 23 31 34 47 13,
2013-10-19,09 33 54 56 57 05,
2013-10-16,03 26 28 34 42 28,
2013-10-12,08 10 26 57 58 04,
2013-10-09,03 09 19 33 38 18,
2013-10-05,11 12 17 39 40 05,
2013-10-02,04 06 25 42 51 17,
2013-09-28,14 47 52 53 54 05,
2013-09-25,02 07 17 49 53 23,
2013-09-21,12 17 45 54 58 13,
2013-09-18,07 10 22 32 35 19,
2013-09-14,01 17 25 37 44 20,
2013-09-11,11 19 33 42 52 33,
2013-09-07,02 19 22 26 45 24,
2013-09-04,02 09 26 45 47 11,
2013-08-31,02 07 25 40 56 20,
2013-08-28,06 07 09 19 32 13,
2013-08-24,12 17 25 45 59 19,
2013-08-21,30 40 42 46 48 23,
2013-08-17,18 21 46 54 56 23,
2013-08-14,04 11 17 43 51 20,
2013-08-10,04 12 14 37 58 13,
2013-08-07,05 25 30 58 59 32,
2013-08-03,21 24 36 42 45 15,
2013-07-31,08 24 39 49 59 05,
2013-07-27,09 23 40 53 58 06,
2013-07-24,09 29 40 44 54 07,
2013-07-20,14 25 27 38 58 06,
2013-07-17,01 22 34 38 42 17,
2013-07-13,02 08 22 35 37 06,
2013-07-10,30 31 45 55 59 27,
2013-07-06,02 13 35 36 52 11,
2013-07-03,03 06 29 40 51 04,
2013-06-29,08 28 30 53 56 16,
2013-06-26,01 18 33 39 46 33,
2013-06-22,13 19 23 33 57 28,
2013-06-19,07 46 47 52 57 17,
2013-06-15,28 36 40 48 55 01,
2013-06-12,16 22 23 42 55 32,
2013-06-08,02 11 22 26 32 19,
2013-06-05,04 26 33 36 55 32,
2013-06-01,22 28 33 53 59 14,
2013-05-29,09 14 17 49 57 02,
2013-05-25,02 06 19 21 27 25,
2013-05-22,09 31 35 41 57 26,
2013-05-18,10 13 14 22 52 11,
2013-05-15,02 11 26 34 41 32,
2013-05-11,06 13 19 23 43 16,
2013-05-08,21 22 26 30 57 27,
2013-05-04,07 12 26 36 40 17,
2013-05-01,22 26 31 54 55 18,
2013-04-27,03 23 48 54 55 05,
2013-04-24,09 19 31 56 59 02,
2013-04-20,06 08 30 39 48 20,
2013-04-17,13 18 36 48 58 28,
2013-04-13,10 12 31 56 57 33,
2013-04-10,01 36 40 52 53 20,
2013-04-06,04 07 08 29 39 24,
2013-04-03,01 06 08 12 35 03,
2013-03-30,11 23 26 46 55 27,
2013-03-27,07 37 43 48 52 16,
2013-03-23,17 29 31 52 53 31,
2013-03-20,13 14 17 43 54 15,
2013-03-16,03 07 21 44 53 16,
2013-03-13,05 09 28 32 38 29,
2013-03-09,10 37 40 46 52 12,
2013-03-06,06 10 23 41 45 01,
2013-03-02,03 08 13 41 56 16,
2013-02-27,03 14 20 34 48 21,
2013-02-23,02 05 31 39 41 29,
2013-02-20,03 17 19 25 32 17,
2013-02-16,15 16 46 50 58 29,
2013-02-13,12 23 25 27 43 29,
2013-02-09,05 06 16 36 58 03,
2013-02-06,05 27 36 38 41 12,
2013-02-02,11 16 33 40 41 34,
2013-01-30,14 16 32 47 52 16,
2013-01-26,03 22 26 41 49 18,
2013-01-23,11 12 24 43 45 09,
2013-01-19,08 28 29 34 38 35,
2013-01-16,09 21 28 32 51 35,
2013-01-12,10 14 21 23 47 07,
2013-01-09,11 13 20 27 59 26,
2013-01-05,26 30 49 51 54 25,
2013-01-02,18 20 28 35 53 20,
2012-12-29,36 46 50 52 55 14,
2012-12-26,11 13 23 43 54 04,
2012-12-22,01 18 35 39 44 11,
2012-12-19,05 08 20 23 30 03,
2012-12-15,15 23 40 44 55 14,
2012-12-12,08 10 25 36 44 28,
2012-12-08,07 23 26 40 53 21,
2012-12-05,13 17 19 27 38 12,
2012-12-01,03 10 19 36 46 03,
2012-11-28,05 16 22 23 29 06,
2012-11-24,22 32 37 44 50 34,
2012-11-21,08 18 24 30 39 26,
2012-11-17,03 15 27 58 59 20,
2012-11-14,08 10 30 44 58 13,
2012-11-10,32 42 50 54 55 32,
2012-11-07,32 34 45 52 58 20,
2012-11-03,04 07 09 30 54 25,
2012-10-31,01 27 31 45 48 05,
2012-10-27,22 32 34 36 56 33,
2012-10-24,03 18 21 23 50 04,
2012-10-20,04 21 28 31 44 10,
2012-10-17,01 07 10 23 42 35,
2012-10-13,02 05 25 26 49 18,
2012-10-10,18 26 29 35 43 28,
2012-10-06,15 26 34 36 59 35,
2012-10-03,17 23 36 55 59 10,
2012-09-29,14 18 28 29 57 08,
2012-09-26,13 26 39 41 42 10,
2012-09-22,02 16 18 40 42 33,
2012-09-19,01 05 08 39 50 23,
2012-09-15,03 20 26 43 48 01,
2012-09-12,24 33 36 48 56 06,
2012-09-08,06 20 34 44 48 29,
2012-09-05,04 19 26 42 51 29,
2012-09-01,08 11 21 44 49 22,
2012-08-29,25 28 49 54 56 28,
2012-08-25,01 06 07 20 49 23,
2012-08-22,22 29 31 47 55 19,
2012-08-18,14 26 41 55 59 01,
2012-08-15,06 27 46 51 56 21,
2012-08-11,04 13 39 46 51 01,
2012-08-08,03 07 11 15 28 12,
2012-08-04,19 30 48 53 55 18,
2012-08-01,03 16 48 56 58 04,
2012-07-28,05 06 13 36 50 13,
2012-07-25,03 14 35 38 46 16,
2012-07-21,09 31 38 54 56 20,
2012-07-18,02 05 20 23 57 03,
2012-07-14,04 16 32 37 46 13,
2012-07-11,05 22 36 49 55 23,
2012-07-07,03 05 29 39 59 29,
2012-07-04,14 19 35 39 56 33,
2012-06-30,07 15 20 41 44 22,
2012-06-27,06 34 40 46 58 06,
2012-06-23,01 03 41 44 53 30,
2012-06-20,11 17 29 56 57 14,
2012-06-16,08 14 15 16 27 26,
2012-06-13,07 10 14 33 57 18,
2012-06-09,18 22 45 56 57 27,
2012-06-06,19 30 33 48 59 27,
2012-06-02,09 10 17 29 45 33,
2012-05-30,09 10 24 52 56 14,
2012-05-26,13 14 41 49 59 14,
2012-05-23,04 07 26 53 59 32,
2012-05-19,08 13 35 46 51 30,
2012-05-16,03 07 21 28 43 02,
2012-05-12,10 24 35 53 58 22,
2012-05-09,01 07 11 55 56 01,
2012-05-05,09 12 20 44 59 23,
2012-05-02,07 08 33 38 50 29,
2012-04-28,31 39 40 57 58 33,
2012-04-25,04 25 29 34 43 29,
2012-04-21,06 08 20 42 51 16,
2012-04-18,20 22 39 46 49 29,
2012-04-14,14 15 16 19 24 02,
2012-04-11,16 23 42 44 47 02,
2012-04-07,05 13 17 20 30 18,
2012-04-04,01 24 33 45 49 06,
2012-03-31,05 14 36 54 58 27,
2012-03-28,11 16 29 50 58 33,
2012-03-24,01 15 35 37 47 08,
2012-03-21,32 43 53 55 56 06,
2012-03-17,11 14 49 55 58 30,
2012-03-14,01 08 41 46 59 24,
2012-03-10,05 14 17 20 41 05,
2012-03-07,12 35 45 46 47 12,
2012-03-03,29 30 45 47 49 35,
2012-02-29,01 04 11 23 26 14,
2012-02-25,06 11 42 53 54 07,
2012-02-22,07 16 17 39 51 32,
2012-02-18,23 28 50 56 59 05,
2012-02-15,11 12 32 52 56 11,
2012-02-11,01 10 37 52 57 11,
2012-02-08,17 28 38 39 51 33,
2012-02-04,15 23 43 45 56 07,
2012-02-01,08 13 17 34 59 35,
2012-01-28,05 33 41 54 59 13,
2012-01-25,04 19 28 29 47 05,
2012-01-21,12 24 43 44 45 07,
2012-01-18,06 29 34 44 50 28,
2012-01-14,10 30 36 38 41 01,5.0
2012-01-11,05 19 29 45 47 25,2.0
2012-01-07,03 21 24 38 39 24,5.0
2012-01-04,21 35 46 47 50 02,4.0
2011-12-31,05 23 25 28 40 34,4.0
2011-12-28,16 21 27 41 45 14,2.0
2011-12-24,14 16 30 51 52 19,2.0
2011-12-21,10 13 15 31 54 18,5.0
2011-12-17,13 28 49 51 59 33,4.0
2011-12-14,02 24 46 52 56 19,5.0
2011-12-10,04 19 33 41 59 09,5.0
2011-12-07,03 14 20 39 40 37,2.0
2011-12-03,05 18 33 43 45 08,3.0
2011-11-30,02 06 34 35 47 22,2.0
2011-11-26,20 37 39 45 55 28,2.0
2011-11-23,04 30 35 57 59 25,2.0
2011-11-19,09 16 17 28 30 11,3.0
2011-11-16,13 22 25 39 51 28,2.0
2011-11-12,04 35 36 51 56 08,5.0
2011-11-09,05 35 57 58 59 12,3.0
2011-11-05,02 33 39 40 43 26,3.0
2011-11-02,12 14 34 39 46 36,4.0
2011-10-29,11 16 40 51 56 38,5.0
2011-10-26,01 18 21 39 55 06,3.0
2011-10-22,03 08 23 30 58 13,4.0
2011-10-19,16 26 35 52 58 02,5.0
2011-10-15,05 10 24 38 43 01,4.0
2011-10-12,10 12 23 43 47 18,3.0
2011-10-08,03 27 35 37 45 31,5.0
2011-10-05,07 20 43 46 54 17,4.0
2011-10-01,01 12 23 27 43 31,3.0
2011-09-28,30 41 50 51 53 08,2.0
2011-09-24,03 04 12 27 44 26,5.0
2011-09-21,12 47 48 52 55 13,4.0
2011-09-17,06 20 22 32 43 11,2.0
2011-09-14,16 41 42 50 59 05,3.0
2011-09-10,04 19 22 32 53 24,4.0
2011-09-07,03 05 18 27 54 13,4.0
2011-09-03,15 25 52 53 54 02,5.0
2011-08-31,13 19 35 47 57 29,5.0
2011-08-27,02 12 25 54 58 14,3.0
2011-08-24,09 13 47 49 53 39,5.0
2011-08-20,02 17 23 28 47 36,2.0
2011-08-17,18 28 31 48 52 37,4.0
2011-08-13,09 12 35 50 58 04,2.0
2011-08-10,11 18 36 41 46 38,4.0
2011-08-06,25 30 54 57 59 06,3.0
2011-08-03,13 19 21 28 49 11,2.0
2011-07-30,20 40 41 47 55 19,2.0
2011-07-27,38 40 41 51 59 33,2.0
2011-07-23,01 07 27 38 48 30,3.0
2011-07-20,01 04 38 40 42 17,4.0
2011-07-16,24 28 48 50 54 25,3.0
2011-07-13,08 18 19 32 54 08,4.0
2011-07-09,01 09 11 23 31 06,3.0
2011-07-06,11 15 24 50 55 08,2.0
2011-07-02,01 11 18 29 51 32,3.0
2011-06-29,24 30 45 57 59 26,3.0
2011-06-25,18 36 39 41 57 12,4.0
2011-06-22,12 15 19 46 59 12,4.0
2011-06-18,12 21 22 38 41 18,2.0
2011-06-15,19 20 38 41 43 29,4.0
2011-06-11,16 18 27 36 50 08,3.0
2011-06-08,14 37 44 45 53 29,5.0
2011-06-04,17 19 39 41 58 21,5.0
2011-06-01,08 18 38 46 56 31,4.0
2011-05-28,12 20 43 51 55 11,4.0
2011-05-25,04 23 31 42 50 23,2.0
2011-05-21,02 08 40 49 50 36,3.0
2011-05-18,07 12 13 42 49 16,4.0
2011-05-14,08 17 18 40 44 16,2.0
2011-05-11,09 17 32 43 45 31,3.0
2011-05-07,02 11 27 47 55 15,4.0
2011-05-04,03 15 27 29 41 24,4.0
2011-04-30,06 13 15 32 41 03,2.0
2011-04-27,04 24 40 44 55 05,2.0
2011-04-23,03 11 47 48 58 19,3.0
2011-04-20,09 24 34 36 43 27,3.0
2011-04-16,21 33 44 45 55 07,5.0
2011-04-13,04 23 39 49 50 39,3.0
2011-04-09,05 14 32 53 56 11,4.0
2011-04-06,10 18 41 55 56 15,2.0
2011-04-02,06 22 34 43 45 23,2.0
2011-03-30,19 20 42 56 58 37,4.0
2011-03-26,04 10 11 19 33 27,4.0
2011-03-23,05 15 26 28 32 09,2.0
2011-03-19,03 11 20 27 46 08,2.0
2011-03-16,28 39 40 48 53 09,3.0
2011-03-12,01 04 12 41 47 03,4.0
2011-03-09,12 20 28 40 48 08,2.0
2011-03-05,02 23 31 42 48 21,2.0
2011-03-02,07 31 50 51 58 06,2.0
2011-02-26,04 13 17 21 45 10,5.0
2011-02-23,29 32 36 39 49 29,3.0
2011-02-19,03 12 34 37 42 36,5.0
2011-02-16,09 13 21 23 48 24,2.0
2011-02-12,11 32 36 48 52 19,4.0
2011-02-09,07 11 39 42 51 30,4.0
2011-02-05,15 37 41 56 59 05,5.0
2011-02-02,03 14 33 53 57 36,4.0
2011-01-29,24 28 45 49 52 02,4.0
2011-01-26,04 05 36 47 58 06,3.0
2011-01-22,30 31 34 45 51 23,2.0
2011-01-19,22 36 51 56 59 32,3.0
2011-01-15,09 13 22 23 37 31,3.0
2011-01-12,19 21 23 40 48 27,4.0
2011-01-08,06 07 26 33 52 24,2.0
2011-01-05,22 26 32 38 40 07,5.0
2011-01-01,18 22 37 47 54 36,2.0
2010-12-29,03 16 18 20 37 30,2.0
2010-12-25,01 17 38 50 52 24,2.0
2010-12-22,11 33 44 46 47 12,2.0
2010-12-18,04 11 19 33 43 14,4.0
2010-12-15,10 11 18 32 45 18,5.0
2010-12-11,01 08 10 19 20 23,2.0
2010-12-08,08 11 25 41 58 16,4.0
2010-12-04,13 24 27 31 42 22,5.0
2010-12-01,05 10 11 12 20 02,3.0
2010-11-27,10 30 37 47 54 39,5.0
2010-11-24,08 20 21 32 37 04,3.0
2010-11-20,10 12 38 53 57 01,5.0
2010-11-17,14 16 53 54 59 05,3.0
2010-11-13,17 30 48 51 54 29,5.0
2010-11-10,05 08 11 40 44 10,4.0
2010-11-06,07 12 23 34 38 33,4.0
2010-11-03,34 38 39 45 50 33,2.0
2010-10-30,01 07 27 36 49 39,5.0
2010-10-27,20 24 25 53 59 15,5.0
2010-10-23,02 07 16 20 46 34,4.0
2010-10-20,07 17 20 39 59 17,3.0
2010-10-16,11 12 15 16 28 11,2.0
2010-10-13,12 22 32 34 46 02,4.0
2010-10-09,02 06 32 42 49 35,3.0
2010-10-06,14 26 37 41 46 24,5.0
2010-10-02,12 20 30 36 47 25,4.0
2010-09-29,13 44 51 52 55 30,4.0
2010-09-25,08 16 27 35 42 30,2.0
2010-09-22,10 24 36 52 55 15,5.0
2010-09-18,01 18 37 39 44 13,4.0
2010-09-15,07 20 21 34 43 34,5.0
2010-09-11,07 17 20 36 59 33,4.0
2010-09-08,10 35 39 51 57 20,5.0
2010-09-04,11 14 22 33 42 38,2.0
2010-09-01,17 20 21 40 51 19,3.0
2010-08-28,04 22 27 32 56 13,4.0
2010-08-25,16 17 29 31 36 23,3.0
2010-08-21,07 10 12 22 27 26,2.0
2010-08-18,04 32 33 47 55 39,3.0
2010-08-14,09 33 36 50 58 31,2.0
2010-08-11,07 10 22 23 52 29,2.0
2010-08-07,04 22 26 31 52 30,5.0
2010-08-04,19 28 30 37 53 36,4.0
2010-07-31,01 16 17 41 57 15,3.0
2010-07-28,01 11 20 25 27 02,5.0
2010-07-24,20 30 38 46 59 27,2.0
2010-07-21,16 22 30 51 58 25,3.0
2010-07-17,22 27 35 37 45 03,4.0
2010-07-14,20 21 23 38 42 06,3.0
2010-07-10,20 21 27 28 56 04,4.0
2010-07-07,10 41 44 48 56 04,2.0
2010-07-03,03 10 14 52 53 03,3.0
2010-06-30,06 38 43 47 48 27,5.0
2010-06-26,13 30 32 38 57 25,4.0
2010-06-23,11 30 45 47 48 10,3.0
2010-06-19,09 30 31 50 54 39,3.0
2010-06-16,08 11 18 29 36 06,5.0
2010-06-12,09 12 13 35 38 30,10.0
2010-06-09,14 22 27 32 49 05,4.0
2010-06-05,18 34 40 48 59 25,4.0
2010-06-02,04 09 14 39 43 38,4.0
2010-05-29,01 03 24 28 41 10,4.0
2010-05-26,01 06 10 13 20 32,4.0
2010-05-22,19 20 40 47 57 29,2.0
2010-05-19,02 07 29 55 58 27,3.0
2010-05-15,15 21 23 28 36 20,2.0
2010-05-12,37 51 52 53 58 38,2.0
2010-05-08,05 22 34 41 57 31,5.0
2010-05-05,13 34 40 47 57 11,4.0
2010-05-01,16 23 25 49 58 20,4.0
2010-04-28,12 22 25 28 44 24,4.0
2010-04-24,01 12 53 56 57 05,2.0
2010-04-21,11 34 41 49 55 20,2.0
2010-04-17,05 21 22 41 49 15,5.0
2010-04-14,06 14 32 38 52 20,3.0
2010-04-10,21 22 49 52 58 34,2.0
2010-04-07,04 36 40 44 52 33,2.0
2010-04-03,10 15 31 52 59 04,4.0
2010-03-31,05 13 17 45 54 12,5.0
2010-03-27,07 21 32 44 52 10,4.0
2010-03-24,14 20 24 39 49 07,3.0
2010-03-20,09 36 39 44 45 09,2.0
2010-03-17,24 26 45 48 55 08,2.0
2010-03-13,06 16 20 31 36 08,5.0
2010-03-10,17 21 37 41 50 01,2.0
2010-03-06,10 29 33 41 59 15,2.0
2010-03-03,07 09 14 45 49 23,4.0
2010-02-27,18 47 51 53 58 30,2.0
2010-02-24,04 17 35 50 57 12,2.0
2010-02-20,13 27 37 41 54 32,2.0
2010-02-17,07 08 19 26 36 15,3.0
2010-02-13,10 14 30 40 51 01,4.0
2010-02-10,05 08 29 37 38 34,5.0
2010-02-06,14 22 52 54 59 04,3.0
2010-02-03,17 22 36 37 52 24,2.0
